¤Ø¤o,«e¤ù,«á¤ù,¥ª³S,¥k³S,»â,¥ª«e,¥k«e,¥ª«e¨ó,¥k«e¨ó,»â«e,¤f³U¥ª«e,¤f³U¥ª«á,¤f³U¥k«e,¤f³U¥k«á
4,4«e¤ù,4«á¤ù,4¥ª³S,4¥k³S,4,4¥ª«e,4¥k«e,4¥ª«e¨ó,4¥k«e¨ó,4,4¤f³U¥ª«e,4¤f³U¥ª«á,4¤f³U¥k«e,4¤f³U¥k«á
6,6«e¤ù,6«á¤ù,6¥ª³S,6¥k³S,6,6¥ª«e,6¥k«e,6¥ª«e¨ó,6¥k«e¨ó,6,6¤f³U¥ª«e,6¤f³U¥ª«á,6¤f³U¥k«e,6¤f³U¥k«á
8,8«e¤ù,8«á¤ù,8¥ª³S,8¥k³S,8,8¥ª«e,8¥k«e,8¥ª«e¨ó,8¥k«e¨ó,8,8¤f³U¥ª«e,8¤f³U¥ª«á,8¤f³U¥k«e,8¤f³U¥k«á
10,10«e¤ù,10«á¤ù,10¥ª³S,10¥k³S,10,10¥ª«e,10¥k«e,10¥ª«e¨ó,10¥k«e¨ó,10,10¤f³U¥ª«e,10¤f³U¥ª«á,10¤f³U¥k«e,10¤f³U¥k«á
12,12«e¤ù,12«á¤ù,12¥ª³S,12¥k³S,12,12¥ª«e,12¥k«e,12¥ª«e¨ó,12¥k«e¨ó,12,12¤f³U¥ª«e,12¤f³U¥ª«á,12¤f³U¥k«e,12¤f³U¥k«á
14,14«e¤ù,14«á¤ù,14¥ª³S,14¥k³S,14,14¥ª«e,14¥k«e,14¥ª«e¨ó,14¥k«e¨ó,14,14¤f³U¥ª«e,14¤f³U¥ª«á,14¤f³U¥k«e,14¤f³U¥k«á
XS,XS«e¤ù,XS«á¤ù,XS¥ª³S,XS¥k³S,XS,XS¥ª«e,XS¥k«e,XS¥ª«e¨ó,XS¥k«e¨ó,XS,XS¤f³U¥ª«e,XS¤f³U¥ª«á,XS¤f³U¥k«e,XS¤f³U¥k«á
S,S«e¤ù,S«á¤ù,S¥ª³S,S¥k³S,S,S¥ª«e,S¥k«e,S¥ª«e¨ó,S¥k«e¨ó,S,S¤f³U¥ª«e,S¤f³U¥ª«á,S¤f³U¥k«e,S¤f³U¥k«á
M,M«e¤ù,M«á¤ù,M¥ª³S,M¥k³S,M,M¥ª«e,M¥k«e,M¥ª«e¨ó,M¥k«e¨ó,M,M¤f³U¥ª«e,M¤f³U¥ª«á,M¤f³U¥k«e,M¤f³U¥k«á
L,L«e¤ù,L«á¤ù,L¥ª³S,L¥k³S,L,L¥ª«e,L¥k«e,L¥ª«e¨ó,L¥k«e¨ó,L,L¤f³U¥ª«e,L¤f³U¥ª«á,L¤f³U¥k«e,L¤f³U¥k«á
XL,XL«e¤ù,XL«á¤ù,XL¥ª³S,XL¥k³S,XL,XL¥ª«e,XL¥k«e,XL¥ª«e¨ó,XL¥k«e¨ó,XL,XL¤f³U¥ª«e,XL¤f³U¥ª«á,XL¤f³U¥k«e,XL¤f³U¥k«á
2L,2XL«e¤ù,2XL«á¤ù,2XL¥ª³S,2XL¥k³S,2XL,2XL¥ª«e,2XL¥k«e,2XL¥ª«e¨ó,2XL¥k«e¨ó,2XL,2XL¤f³U¥ª«e,2XL¤f³U¥ª«á,2XL¤f³U¥k«e,2XL¤f³U¥k«á
3L,3XL«e¤ù,3XL«á¤ù,3XL¥ª³S,3XL¥k³S,3XL,3XL¥ª«e,3XL¥k«e,3XL¥ª«e¨ó,3XL¥k«e¨ó,3XL,3XL¤f³U¥ª«e,3XL¤f³U¥ª«á,3XL¤f³U¥k«e,3XL¤f³U¥k«á
4L,4XL«e¤ù,4XL«á¤ù,4XL¥ª³S,4XL¥k³S,4XL,4XL¥ª«e,4XL¥k«e,4XL¥ª«e¨ó,4XL¥k«e¨ó,4XL,4XL¤f³U¥ª«e,4XL¤f³U¥ª«á,4XL¤f³U¥k«e,4XL¤f³U¥k«á
5L,5XL«e¤ù,5XL«á¤ù,5XL¥ª³S,5XL¥k³S,5XL,5XL¥ª«e,5XL¥k«e,5XL¥ª«e¨ó,5XL¥k«e¨ó,5XL,5XL¤f³U¥ª«e,5XL¤f³U¥ª«á,5XL¤f³U¥k«e,5XL¤f³U¥k«á
